monthly_yields,disease_reports,training_attendance,ai_insights
"{""months"": [""Jan"", ""Feb"", ""Mar"", ""Apr"", ""May"", ""Jun"", ""Jul"", ""Aug"", ""Sep"", ""Oct"", ""Nov"", ""Dec""], ""2021"": [1974, 1974, 0, 1410, 1410, 1410, 0, 0, 0, 2073, 2073, 2073], ""2022"": [2073, 2073, 0, 1476, 1476, 1476, 0, 0, 0, 2176, 2176, 2176], ""2023"": [2176, 2176, 0, 1545, 1545, 1545, 0, 0, 0, 2282, 2282, 0]}","{""black_pod"": 35, ""swollen_shoot"": 25, ""capsid_damage"": 15, ""stem_borer"": 10, ""other"": 15}","{""Soil Management"": 85, ""Pest and Disease Control"": 79, ""Proper Pruning Techniques"": 91, ""Post-Harvest Handling"": 75, ""Sustainable Farming Practices"": 88}","Based on the given data, here are my observations:

1. Current State of the Cocoa Farms: 
     From the uploaded images and messages, the farmer engagement appears to be high as they are actively seeking for information and assistance. There seem to be intricate inquiries regarding the content of some images, possibly suggesting some uncertainty or problems that are hard to identify. However, without the specifics of the image content or their geographical data, it's hard to conclude the exact state of their cocoa farms.

2. Key Health Issues:
    It's difficult to ascertain definite health issues amongst the cocoa crops solely based on the available data. However, the images uploaded and the repeated question, 'What is in this image?' might indicate there could be several disease-related issues or pest infestations that farmers are encountering. Diseases like black pod, witches' broom, or frosty pod rot could potentially be a threat, as could infestations from pests like capsids or cocoa pod borers.

3. Recommendations for improving farm productivity:
    A structured training program should be conducted for these farmers to understand the major diseases, pests and their symptoms. This would help them in early identification and application of proper methods to counteract these issues. Implementing regular monitoring can help in tracking and responding to changes quickly. Good agricultural practices like pruning, shade management, using disease-resistant varieties and appropriate use of fertilizers and pesticides should also be promoted.

4. Estimated yield potential based on activity levels:
    Again, due to the lack of specific data, coming up with a precise yield estimate is challenging. However, the high level of interaction from the producers points towards a strong engagement towards better farming practices. If this commitment is channeled into good farming practices, integrated pest management and addressing potential diseases promptly, the yield potential can be held at a high level. Yet, this would also depend on variables such as weather conditions, farm management practices, and other environmental factors."
